{
  "anchors": {
    "general": {
      "reference_vector": [
        0.031788,
        0.056684,
        0.065241,
        0.103387,
        0.080511,
        0.145455,
        0.120202,
        0.172074,
        0.217112,
        0.174094,
        0.238562,
        0.285918,
        0.344504,
        0.348544,
        0.312834,
        0.402139
      ],
      "confidence": 0.5,
      "timestamp": 1758243426.2542841,
      "usage_count": 0,
      "drift_history": []
    },
    "conversational": {
      "reference_vector": [
        0.026797,
        0.043075,
        0.062465,
        0.108995,
        0.125428,
        0.146218,
        0.147495,
        0.184749,
        0.220588,
        0.21164,
        0.235372,
        0.278805,
        0.283427,
        0.305229,
        0.362979,
        0.397884
      ],
      "confidence": 0.5,
      "timestamp": 1758243517.6278942,
      "usage_count": 0,
      "drift_history": []
    },
    "academic": {
      "reference_vector": [
        0.1,
        0.2,
        0.3,
        0.4,
        0.5,
        0.6,
        0.7,
        0.8,
        0.9,
        1.0,
        0.1,
        0.2,
        0.3,
        0.4,
        0.5,
        0.6
      ],
      "confidence": 0.5,
      "timestamp": 1758243741.0980186,
      "usage_count": 0,
      "drift_history": []
    }
  },
  "last_baseline_update": 0.0,
  "trusted_sources": [],
  "metadata": {
    "total_anchors": 3,
    "last_saved": 1758243741.0980208
  }
}